episode_id,steps,duration_s,failed,cube_fell,cube_pose_deviation,cube_too_fast,nan,time_out,rotation_progress,position_error_m,tilt_error_rad,linear_speed_m_s,contact_fraction,signed_yaw_rad,mean_torque_squared_Nm2,mean_abs_joint_power_W,action_clip_fraction,sampled_abs_work_J
0,400,20.0,False,False,False,False,False,True,0.08624134063720704,0.015795793533325195,0.17766563415527345,0.015192097425460816,0.255,4.030671119689941,0.084871826171875,0.2350389289855957,0.9534375,4.700778579711914
1,400,20.0,False,False,False,False,False,True,0.2301176643371582,0.009533258080482483,0.15840935707092285,0.015507174730300903,0.2675,6.505596160888672,0.050104560852050783,0.2301255989074707,0.94796875,4.602511978149414
2,400,20.0,False,False,False,False,False,True,0.17167552947998047,0.012421058416366577,0.1662571907043457,0.016021498441696168,0.25,7.683935165405273,0.04606846332550049,0.16976329803466797,0.94546875,3.3952659606933593
3,400,20.0,False,False,False,False,False,True,0.30423608779907224,0.006525212526321411,0.16576316833496094,0.02104637384414673,0.270625,7.557924270629883,0.0570257043838501,0.21075735092163086,0.945,4.215147018432617
4,400,20.0,False,False,False,False,False,True,0.21747566223144532,0.010811717510223388,0.1657218360900879,0.02222409725189209,0.21,6.750207901000977,0.05974271297454834,0.18303647994995118,0.94046875,3.6607295989990236
5,400,20.0,False,False,False,False,False,True,0.23242704391479493,0.00965663731098175,0.14466060638427736,0.015146018266677856,0.265625,6.006390571594238,0.059241418838500974,0.22212059020996094,0.9503125,4.442411804199219
6,400,20.0,False,False,False,False,False,True,0.05498592376708984,0.022260513305664063,0.1944294738769531,0.011925323009490967,0.22875,1.0863127708435059,0.09071566581726075,0.22539287567138672,0.94671875,4.5078575134277346
7,400,20.0,False,False,False,False,False,True,0.19454532623291015,0.01098335862159729,0.1686052703857422,0.015421140193939208,0.261875,6.328032493591309,0.06215587615966797,0.22808752059936524,0.9465625,4.561750411987305
8,400,20.0,False,False,False,False,False,True,0.23241363525390624,0.00909211277961731,0.15631793975830077,0.025369558334350586,0.313125,6.406137466430664,0.062363290786743165,0.21497951507568358,0.9459375,4.299590301513671
9,400,20.0,False,False,False,False,False,True,0.07906966686248779,0.01692978024482727,0.11675048828125,0.031387202739715576,0.193125,6.914740562438965,0.05597911357879639,0.2272125244140625,0.949375,4.54425048828125
10,400,20.0,False,False,False,False,False,True,0.19368968963623046,0.010772833824157715,0.15945094108581542,0.016727019548416138,0.2675,5.860571384429932,0.06478935241699219,0.22391931533813478,0.949375,4.478386306762696
11,400,20.0,False,False,False,False,False,True,0.11825795173645019,0.013271310329437257,0.1684310531616211,0.014892555475234985,0.2275,6.150341033935547,0.0565687894821167,0.23424692153930665,0.9465625,4.684938430786133
12,400,20.0,False,False,False,False,False,True,0.26765291213989256,0.007140438556671142,0.1612714958190918,0.01582169771194458,0.25,6.0788140296936035,0.059458837509155274,0.2206060218811035,0.95140625,4.41212043762207
13,400,20.0,False,False,False,False,False,True,0.24573493957519532,0.00909795880317688,0.16844846725463866,0.02041823387145996,0.32125,6.762346267700195,0.06697937965393067,0.21267744064331054,0.94140625,4.253548812866211
14,400,20.0,False,False,False,False,False,True,0.22722776412963866,0.009873705506324769,0.15404896736145018,0.029458446502685545,0.215625,6.891200542449951,0.06379705905914307,0.21721641540527345,0.94765625,4.344328308105469
15,400,20.0,False,False,False,False,False,True,0.17741405487060546,0.010741484165191651,0.16434814453125,0.014064704179763793,0.275625,5.785594463348389,0.06130105972290039,0.22726003646850587,0.948125,4.5452007293701175
16,400,20.0,False,False,False,False,False,True,0.19011167526245118,0.010616577863693237,0.1602853012084961,0.014867684841156005,0.273125,6.588174819946289,0.05602813720703125,0.2278275489807129,0.95078125,4.556550979614258
17,400,20.0,False,False,False,False,False,True,0.08255444526672363,0.016521326303482055,0.16997184753417968,0.01519498348236084,0.251875,6.699758529663086,0.06422344207763672,0.22426904678344728,0.94953125,4.485380935668946
18,400,20.0,False,False,False,False,False,True,0.09539303779602051,0.015948989391326905,0.1409599781036377,0.02199505567550659,0.294375,6.439614295959473,0.05698398590087891,0.20281030654907226,0.94984375,4.056206130981445
19,400,20.0,False,False,False,False,False,True,0.17949916839599608,0.011922947168350219,0.151524076461792,0.027318241596221923,0.23625,6.856172561645508,0.06048691272735596,0.20756975173950196,0.94234375,4.151395034790039
20,400,20.0,False,False,False,False,False,True,0.09695903778076172,0.011443498134613038,0.222701358795166,0.013541264533996582,0.205,4.4317121505737305,0.07389532089233398,0.2182946014404297,0.9440625,4.365892028808594
21,400,20.0,False,False,False,False,False,True,0.28776954650878905,0.0069208860397338865,0.1638137435913086,0.01482712745666504,0.290625,7.10194730758667,0.058212842941284176,0.2283028793334961,0.949375,4.566057586669922
22,400,20.0,False,False,False,False,False,True,0.09352259635925293,0.014776310920715331,0.19999488830566406,0.013822529315948486,0.31625,6.141842842102051,0.0641951847076416,0.2053312873840332,0.951875,4.106625747680664
23,400,20.0,False,False,False,False,False,True,0.16008419036865235,0.012389153242111206,0.14154796600341796,0.020638978481292723,0.286875,6.146925926208496,0.05748426914215088,0.22662036895751952,0.9446875,4.53240737915039
24,400,20.0,False,False,False,False,False,True,0.24286991119384765,0.008982055187225342,0.13573765754699707,0.03598182201385498,0.174375,7.099404335021973,0.051197872161865235,0.2096771240234375,0.9484375,4.19354248046875
25,400,20.0,False,False,False,False,False,True,0.035278120040893556,0.018089646100997926,0.24079200744628906,0.015147415399551391,0.22875,1.5621044635772705,0.07012875556945801,0.24001422882080078,0.9409375,4.800284576416016
26,400,20.0,False,False,False,False,False,True,0.18352327346801758,0.01019508123397827,0.16298564910888672,0.015613752603530883,0.2575,6.155849933624268,0.055619115829467776,0.2202879524230957,0.94875,4.405759048461914
27,400,20.0,False,False,False,False,False,True,0.24629440307617187,0.008662964701652526,0.1651645278930664,0.015935181379318236,0.294375,6.225872039794922,0.07074601650238037,0.24554075241088869,0.9521875,4.910815048217774
28,400,20.0,False,False,False,False,False,True,0.10532194137573242,0.013727508783340454,0.19885393142700195,0.021779720783233644,0.281875,5.535747528076172,0.06760852813720702,0.19657608032226562,0.944375,3.9315216064453122
29,400,20.0,False,False,False,False,False,True,0.12797039985656739,0.013907965421676636,0.17790962219238282,0.02887007474899292,0.2175,7.819760322570801,0.05145598888397217,0.17400367736816405,0.9453125,3.480073547363281
30,400,20.0,False,False,False,False,False,True,0.23098730087280273,0.006903238296508789,0.1895811653137207,0.014870986938476563,0.253125,5.315049648284912,0.0676452112197876,0.22311418533325195,0.946875,4.462283706665039
31,400,20.0,False,False,False,False,False,True,0.15058072090148925,0.01114814281463623,0.1681985855102539,0.01381576418876648,0.27,5.51295280456543,0.06121502876281738,0.21415630340576172,0.946875,4.2831260681152346
32,400,20.0,False,False,False,False,False,True,0.176297607421875,0.012191753387451171,0.16283292770385743,0.017943257093429567,0.249375,6.191357612609863,0.06913010597229004,0.24337997436523437,0.953125,4.8675994873046875
33,400,20.0,False,False,False,False,False,True,0.06510839462280274,0.018263009786605836,0.16507448196411134,0.024069380760192872,0.2775,5.55067253112793,0.06060056209564209,0.24462480545043946,0.94890625,4.892496109008789
34,400,20.0,False,False,False,False,False,True,0.2826300048828125,0.00783610463142395,0.15132102012634277,0.03884485960006714,0.168125,8.281850814819336,0.05238698959350586,0.21196430206298827,0.9478125,4.239286041259765
35,400,20.0,False,False,False,False,False,True,0.3114419937133789,0.006923613548278809,0.14889346122741698,0.014162697792053223,0.284375,7.052313804626465,0.05360175609588623,0.1988868522644043,0.9453125,3.977737045288086
36,400,20.0,False,False,False,False,False,True,0.13809980392456056,0.013117557764053345,0.16085809707641602,0.01434088945388794,0.301875,6.354904651641846,0.05791592121124268,0.24712556838989258,0.95109375,4.942511367797851
37,400,20.0,False,False,False,False,False,True,0.27720808029174804,0.00788402497768402,0.1570587921142578,0.014447611570358277,0.299375,7.016290664672852,0.06266784191131591,0.22620948791503906,0.94984375,4.524189758300781
38,400,20.0,False,False,False,False,False,True,0.20811714172363283,0.010906487703323364,0.16562469482421874,0.015932973623275757,0.313125,6.553279876708984,0.059726591110229495,0.21438169479370117,0.95015625,4.287633895874023
39,400,20.0,False,False,False,False,False,True,0.14292187690734864,0.01313010573387146,0.1703270149230957,0.04455329418182373,0.150625,5.897573471069336,0.06722964763641358,0.2439637565612793,0.94421875,4.879275131225586
40,400,20.0,False,False,False,False,False,True,0.14210315704345702,0.013571459054946899,0.1655692481994629,0.016379659175872804,0.235625,5.12460994720459,0.0741658115386963,0.22748748779296876,0.9490625,4.549749755859375
41,400,20.0,False,False,False,False,False,True,0.17189712524414064,0.011529662609100343,0.1755097961425781,0.01584510326385498,0.301875,6.838779926300049,0.0682954216003418,0.246134033203125,0.94578125,4.9226806640625
42,400,20.0,False,False,False,False,False,True,0.28114240646362304,0.008222700357437133,0.14378654479980468,0.016835758686065672,0.279375,6.4613142013549805,0.06008588790893555,0.25745819091796873,0.9534375,5.149163818359375
43,400,20.0,False,False,False,False,False,True,0.2590114974975586,0.009768030047416687,0.14242669105529784,0.02205549955368042,0.28375,7.042964458465576,0.048612051010131836,0.20149147033691406,0.94765625,4.029829406738282
44,400,20.0,False,False,False,False,False,True,0.2463199043273926,0.009801326394081116,0.13921055793762208,0.03174714326858521,0.235625,7.3885884284973145,0.049727802276611326,0.19519847869873047,0.949375,3.903969573974609
45,400,20.0,False,False,False,False,False,True,0.1922551155090332,0.01040631890296936,0.15750901222229005,0.014467947483062744,0.268125,5.799925327301025,0.06217476367950439,0.22680051803588866,0.94890625,4.536010360717773
46,400,20.0,False,False,False,False,False,True,0.2307952880859375,0.009704994559288025,0.14951489448547364,0.01361433744430542,0.29,6.07487678527832,0.0599482250213623,0.22307369232177734,0.95203125,4.461473846435547
47,400,20.0,False,False,False,False,False,True,0.23672006607055665,0.009199027419090271,0.17085958480834962,0.016577937602996827,0.2675,6.520828723907471,0.06441148281097413,0.2313886070251465,0.9471875,4.6277721405029295
48,400,20.0,False,False,False,False,False,True,0.03509577989578247,0.02046086072921753,0.15485974311828613,0.02650690793991089,0.270625,6.806474685668945,0.05597580432891846,0.21779281616210938,0.94796875,4.355856323242188
49,400,20.0,False,False,False,False,False,True,0.2908660125732422,0.007887967228889466,0.14411081314086915,0.02606637716293335,0.288125,7.1161041259765625,0.05683563709259033,0.2044563865661621,0.94828125,4.089127731323242
50,400,20.0,False,False,False,False,False,True,0.21984991073608398,0.009545385241508483,0.16889955520629882,0.015007160902023316,0.295625,6.167858123779297,0.05652670383453369,0.24268823623657226,0.95328125,4.8537647247314455
51,400,20.0,False,False,False,False,False,True,0.2447945976257324,0.00890952229499817,0.15322389602661132,0.014043023586273193,0.279375,6.224373817443848,0.05911412715911865,0.22845348358154297,0.9525,4.569069671630859
52,400,20.0,False,False,False,False,False,True,0.03449333667755127,0.021635751724243164,0.1452238655090332,0.016821286678314208,0.2575,6.5211944580078125,0.06666647911071777,0.22778696060180664,0.94765625,4.555739212036133
53,400,20.0,False,False,False,False,False,True,0.2525885009765625,0.009835713505744935,0.14009655952453615,0.0221402907371521,0.31,6.956657409667969,0.06415013790130615,0.21987531661987306,0.94578125,4.3975063323974615
54,400,20.0,False,False,False,False,False,True,0.25714094161987305,0.00873922348022461,0.14048651695251466,0.026722962856292724,0.19125,6.570820331573486,0.05806026458740234,0.2102552032470703,0.94921875,4.205104064941406
55,400,20.0,False,False,False,False,False,True,0.2775234031677246,0.007419916987419129,0.15903208732604981,0.016228785514831544,0.280625,6.122701168060303,0.05467480182647705,0.22420845031738282,0.9471875,4.484169006347656
56,400,20.0,False,False,False,False,False,True,0.12471585273742676,0.013546453714370727,0.1664116859436035,0.014756848812103271,0.24875,5.661636829376221,0.06253991603851318,0.25319791793823243,0.95546875,5.063958358764649
57,400,20.0,False,False,False,False,False,True,0.20428215026855467,0.009235703945159912,0.1798780632019043,0.018248268365859986,0.295,6.064508438110352,0.05914846897125244,0.2226243782043457,0.9515625,4.452487564086914
58,400,20.0,False,False,False,False,False,True,0.07646997451782227,0.01752259850502014,0.14524941444396972,0.024939646720886232,0.26625,7.331210136413574,0.05525634288787842,0.19003604888916015,0.945625,3.800720977783203
59,400,20.0,False,False,False,False,False,True,0.32779392242431643,0.006891705393791199,0.13546652793884278,0.03467820167541504,0.18125,7.56764030456543,0.0487908935546875,0.19794071197509766,0.9459375,3.958814239501953
60,400,20.0,False,False,False,False,False,True,0.06578248977661133,0.017609479427337645,0.16592933654785155,0.016281094551086426,0.2775,5.960378646850586,0.07205085277557373,0.2535356903076172,0.94390625,5.070713806152344
61,400,20.0,False,False,False,False,False,True,0.12413251876831055,0.012792699337005616,0.16192420959472656,0.01596147656440735,0.246875,5.783903121948242,0.05639244079589844,0.2343431854248047,0.9446875,4.6868637084960945
62,400,20.0,False,False,False,False,False,True,0.0992595100402832,0.014021207094192505,0.2319774055480957,0.01830006718635559,0.313125,6.333033561706543,0.06036558628082275,0.2117898941040039,0.94765625,4.235797882080078
63,400,20.0,False,False,False,False,False,True,0.30540699005126953,0.007993733882904053,0.14417953491210939,0.02259147644042969,0.2775,7.8148884773254395,0.05577538013458252,0.20636157989501952,0.949375,4.127231597900391
64,400,20.0,False,False,False,False,False,True,0.1878538703918457,0.010642191171646118,0.15514963150024413,0.038382723331451415,0.146875,6.38753604888916,0.06125234603881836,0.23234159469604493,0.95,4.646831893920899
65,400,20.0,False,False,False,False,False,True,0.24372241973876954,0.007768862247467041,0.17452611923217773,0.01441925048828125,0.266875,6.439641952514648,0.06250051498413085,0.23485679626464845,0.94921875,4.697135925292969
66,400,20.0,False,False,False,False,False,True,0.1377566337585449,0.011419445276260376,0.17304054260253907,0.016107233762741088,0.279375,5.918293476104736,0.057944202423095705,0.22473396301269533,0.9478125,4.494679260253907
67,400,20.0,False,False,False,False,False,True,0.13726117134094237,0.01376761794090271,0.1814032745361328,0.01866657495498657,0.3075,6.503981590270996,0.06110132217407226,0.24587659835815429,0.9509375,4.917531967163086
68,400,20.0,False,False,False,False,False,True,0.20510522842407228,0.008371012210845947,0.1854712677001953,0.0226190447807312,0.3075,5.6180195808410645,0.07188090324401855,0.23289989471435546,0.94390625,4.657997894287109
69,400,20.0,False,False,False,False,False,True,0.22619646072387695,0.010319538116455078,0.14682873725891113,0.027973654270172118,0.220625,7.335976600646973,0.05288757801055908,0.18412595748901367,0.94859375,3.6825191497802736
70,400,20.0,False,False,False,False,False,True,0.20712705612182616,0.008406667709350587,0.18854421615600586,0.013814897537231445,0.3075,5.715456008911133,0.07041249752044677,0.22379425048828125,0.9484375,4.475885009765625
71,400,20.0,False,False,False,False,False,True,0.2088145637512207,0.010068385601043702,0.1701845932006836,0.014603185653686523,0.24125,6.11496639251709,0.06150914669036865,0.24606313705444335,0.9459375,4.921262741088867
72,400,20.0,False,False,False,False,False,True,0.26407804489135744,0.00915238082408905,0.1445559310913086,0.018229775428771973,0.305,5.934751510620117,0.06657840728759766,0.2323381233215332,0.9546875,4.646762466430664
73,400,20.0,False,False,False,False,False,True,0.272039909362793,0.009504908919334412,0.1359733200073242,0.019631876945495605,0.30875,7.3018646240234375,0.05582179546356201,0.20098493576049806,0.9428125,4.0196987152099615
74,400,20.0,False,False,False,False,False,True,0.23013607025146485,0.00976126194000244,0.14650466918945312,0.02429910659790039,0.2375,6.555694103240967,0.05744412422180176,0.2144969367980957,0.94875,4.289938735961914
75,400,20.0,False,False,False,False,False,True,0.2558127212524414,0.009734298586845398,0.12098243713378906,0.012957658767700195,0.243125,5.51925802230835,0.06622772693634033,0.24373903274536132,0.95046875,4.874780654907227
76,400,20.0,False,False,False,False,False,True,0.2877451705932617,0.006209524869918823,0.14271350860595702,0.014916995763778687,0.24875,5.558956146240234,0.07168693542480468,0.24048666000366212,0.94890625,4.809733200073242
77,400,20.0,False,False,False,False,False,True,0.11986483573913574,0.010192755460739136,0.22243627548217773,0.01756974697113037,0.28875,6.154821395874023,0.06156799793243408,0.20353866577148438,0.94546875,4.070773315429688
78,400,20.0,False,False,False,False,False,True,0.059324212074279785,0.017544455528259277,0.16228853225708006,0.024069554805755615,0.291875,5.769033432006836,0.05823974609375,0.21899307250976563,0.9453125,4.379861450195312
79,400,20.0,False,False,False,False,False,True,0.2732795524597168,0.00689686119556427,0.1555321502685547,0.035396745204925535,0.15875,6.904356956481934,0.06377721786499023,0.208883056640625,0.9415625,4.1776611328125
80,400,20.0,False,False,False,False,False,True,0.0963603401184082,0.015722588300704957,0.18398351669311525,0.015564618110656738,0.279375,6.033428192138672,0.05732839584350586,0.22431520462036134,0.94734375,4.486304092407226
81,400,20.0,False,False,False,False,False,True,0.19440547943115236,0.011173524856567384,0.1503252410888672,0.01346572995185852,0.255625,6.124477386474609,0.059322662353515625,0.23094778060913085,0.95171875,4.618955612182617
82,400,20.0,False,False,False,False,False,True,0.15059316635131836,0.01251177430152893,0.19465375900268556,0.016858404874801634,0.281875,6.805088043212891,0.06879904270172119,0.21907052993774415,0.94890625,4.381410598754883
83,400,20.0,False,False,False,False,False,True,0.3099939155578613,0.007409635186195374,0.14372455596923828,0.02495398759841919,0.24125,7.074125289916992,0.05812789916992187,0.2123712730407715,0.94609375,4.24742546081543
84,400,20.0,False,False,False,False,False,True,0.24564537048339843,0.008288860321044922,0.14059764862060548,0.03612956762313843,0.148125,6.500022888183594,0.054924025535583496,0.21469327926635742,0.945625,4.293865585327149
85,400,20.0,False,False,False,False,False,True,0.19649837493896485,0.009011802673339843,0.17400136947631836,0.014790774583816528,0.251875,5.0501909255981445,0.06192220687866211,0.20895401000976563,0.94703125,4.179080200195313
86,400,20.0,False,False,False,False,False,True,0.11101762771606445,0.013943979740142822,0.16340709686279298,0.01570224404335022,0.28,6.033847332000732,0.06168287754058838,0.23139917373657226,0.94796875,4.627983474731446
87,400,20.0,False,False,False,False,False,True,0.2059403419494629,0.009257889986038208,0.17215583801269532,0.015989645719528198,0.30125,5.618098258972168,0.07025207042694091,0.23260164260864258,0.9475,4.652032852172852
88,400,20.0,False,False,False,False,False,True,0.2770849227905273,0.008790185451507568,0.1477548885345459,0.01982252836227417,0.309375,6.957332134246826,0.054504375457763675,0.19636367797851562,0.95171875,3.9272735595703123
89,400,20.0,False,False,False,False,False,True,0.23812610626220704,0.010071909427642823,0.15076957702636717,0.026583473682403564,0.223125,6.8247222900390625,0.048377342224121093,0.16851924896240233,0.94046875,3.3703849792480467
90,400,20.0,False,False,False,False,False,True,0.23373083114624024,0.008955362439155578,0.165670166015625,0.016128406524658204,0.2725,6.6402692794799805,0.056080498695373536,0.2344053077697754,0.948125,4.6881061553955075
91,400,20.0,False,False,False,False,False,True,0.10216221809387208,0.01468735933303833,0.20424182891845702,0.017761936187744142,0.2325,6.202829360961914,0.06116296291351318,0.24141050338745118,0.94453125,4.828210067749024
92,400,20.0,False,False,False,False,False,True,0.27320085525512694,0.007136006951332092,0.15894703865051268,0.017281476259231567,0.285625,6.186774253845215,0.05349128246307373,0.21493715286254883,0.95171875,4.298743057250976
93,400,20.0,False,False,False,False,False,True,0.20191911697387696,0.011303033828735352,0.14434317588806153,0.01775914192199707,0.295625,6.579496383666992,0.06489512920379639,0.21454608917236329,0.94859375,4.290921783447265
94,400,20.0,False,False,False,False,False,True,0.22798179626464843,0.008059503436088562,0.15864752769470214,0.02909688949584961,0.24375,5.81765079498291,0.05869791030883789,0.2290944290161133,0.94828125,4.581888580322266
95,400,20.0,False,False,False,False,False,True,0.14694268226623536,0.014076107740402221,0.1597188377380371,0.015605446100234985,0.2775,6.06451416015625,0.06886579990386962,0.25105087280273436,0.95453125,5.021017456054687
96,400,20.0,False,False,False,False,False,True,0.14010162353515626,0.011200836896896361,0.13514927864074708,0.012807765007019044,0.25125,3.9879653453826904,0.07293655395507813,0.2533371925354004,0.945,5.066743850708008
97,400,20.0,False,False,False,False,False,True,0.14530129432678224,0.011950321197509765,0.21317794799804687,0.01732274055480957,0.28375,7.049372673034668,0.06043562412261963,0.2024173355102539,0.9446875,4.048346710205078
98,400,20.0,False,False,False,False,False,True,0.2637420654296875,0.008222389221191406,0.1539872932434082,0.017524431943893432,0.315625,6.096210479736328,0.0660893440246582,0.24062612533569336,0.95046875,4.812522506713867
99,400,20.0,False,False,False,False,False,True,0.2906805610656738,0.006644362807273865,0.15582829475402832,0.030481269359588625,0.1475,7.168735504150391,0.06390980720520019,0.2184416389465332,0.94890625,4.368832778930664
